t,rookies,experienced,gray,workforce,production
0.01,99.5,250.5,500.0,850.0,2600500
0.26,88.5,261.2,500.3,850.0,2612079
0.51,79.9,269.0,501.0,850.0,2622087
0.76,73.3,274.6,502.1,849.9,2630772
1.01,68.6,278.4,503.3,850.4,2638833
1.26,75.6,282.4,504.8,862.8,2659480
1.51,81.0,287.8,506.4,875.1,2681996
1.76,85.2,294.0,508.2,887.5,2706124
2.01,88.5,300.9,510.4,899.7,2731646
2.26,91.1,308.1,512.8,911.9,2758376
2.51,93.1,315.5,515.5,924.1,2786149
2.76,94.6,323.0,518.5,936.2,2814824
3.01,95.8,330.5,521.9,948.2,2844273
3.26,96.7,337.9,525.5,960.1,2874385
3.51,97.5,345.1,529.4,971.9,2905059
3.76,98.0,352.1,533.5,983.6,2936205
4.01,98.5,358.9,537.9,995.2,2967742
4.26,98.8,365.4,542.5,1006.7,2999596
4.51,99.1,371.7,547.3,1018.1,3031701
4.76,99.3,377.8,552.3,1029.4,3063993
5.01,99.4,383.6,557.4,1040.5,3096418
5.26,99.6,389.2,562.8,1051.5,3128924
5.51,99.7,394.5,568.2,1062.4,3161464
5.76,99.7,399.6,573.8,1073.1,3193995
6.01,99.8,404.4,579.5,1083.7,3226476
6.26,99.8,409.0,585.2,1094.1,3258871
6.51,99.9,413.4,591.1,1104.4,3291146
6.76,99.9,417.6,597.0,1114.6,3323271
7.01,99.9,421.6,603.0,1124.6,3355217
7.26,99.9,425.4,609.0,1134.4,3386958
7.51,100.0,429.1,615.1,1144.1,3418471
7.76,100.0,432.5,621.2,1153.7,3449733
8.01,100.0,435.8,627.3,1163.1,3480726
8.26,100.0,438.9,633.4,1172.3,3511430
8.51,100.0,441.9,639.5,1181.4,3541830
8.76,100.0,444.7,645.6,1190.3,3571911
9.01,100.0,447.4,651.7,1199.1,3601660
9.26,100.0,450.0,657.8,1207.8,3631064
9.51,100.0,452.4,663.8,1216.2,3660114
9.76,100.0,454.8,669.8,1224.6,3688799
